{
    "Version": "36.1",
    "Names": {
        "AED": [
            "AED",
            "সংযুক্ত আৰব আমিৰাত ডিৰহেম"
        ],
        "AFN": [
            "AFN",
            "আফগান আফগানী"
        ],
        "ALL": [
            "ALL",
            "আলবেনীয় লেক"
        ],
        "AMD": [
            "AMD",
            "আৰ্মেনিয়ান ড্ৰাম"
        ],
        "ANG": [
            "ANG",
            "নেডাৰলেণ্ডছ এণ্টিলিয়েন গিল্ডাৰ"
        ],
        "AOA": [
            "AOA",
            "এংগোলান কোৱাঞ্জা"
        ],
        "ARS": [
            "ARS",
            "আৰ্জেণ্টাইন পেছো"
        ],
        "AUD": [
            "A$",
            "অষ্ট্ৰেলিয়ান ডলাৰ"
        ],
        "AWG": [
            "AWG",
            "আৰুবান ফ্ল’ৰিন"
        ],
        "AZN": [
            "AZN",
            "আজেৰবাইজানী মানাত"
        ],
        "BAM": [
            "BAM",
            "ব’ছনিয়া আৰু হাৰ্জেগ’ভিনা কনভাৰ্টিব্‌ল মাৰ্ক"
        ],
        "BBD": [
            "BBD",
            "বাৰ্বাডিয়ান ডলাৰ"
        ],
        "BDT": [
            "BDT",
            "বাংলাদেশী টাকা"
        ],
        "BGN": [
            "BGN",
            "বুলগেৰীয় লেভ"
        ],
        "BHD": [
            "BHD",
            "বাহৰেইনী ডিনাৰ"
        ],
        "BIF": [
            "BIF",
            "বুৰুণ্ডিয়ান ফ্ৰেংক"
        ],
        "BMD": [
            "BMD",
            "বাৰ্মুডান ডলাৰ"
        ],
        "BND": [
            "BND",
            "ব্ৰুনেই ডলাৰ"
        ],
        "BOB": [
            "BOB",
            "বলিভিয়ান বলিভিয়ানো"
        ],
        "BRL": [
            "R$",
            "ব্ৰাজিলিয়ান ৰিয়েল"
        ],
        "BSD": [
            "BSD",
            "বাহামিয়ান ডলাৰ"
        ],
        "BTN": [
            "BTN",
            "ভুটানী নংগলট্ৰাম"
        ],
        "BWP": [
            "BWP",
            "ব’টচোৱানান পুলা"
        ],
        "BYN": [
            "BYN",
            "বেলাৰুছীয় ৰুবেল"
        ],
        "BZD": [
            "BZD",
            "বেলিজ ডলাৰ"
        ],
        "CAD": [
            "CA$",
            "কানাডিয়ান ডলাৰ"
        ],
        "CDF": [
            "CDF",
            "কংগো ফ্ৰেংক"
        ],
        "CHF": [
            "CHF",
            "চুইছ ফ্ৰেংক"
        ],
        "CLP": [
            "CLP",
            "চিলিয়ান পেছো"
        ],
        "CNH": [
            "CNH",
            "চীনা ইউৱান (অফশ্ব’ৰ)"
        ],
        "CNY": [
            "CN¥",
            "চীনা ইউৱান"
        ],
        "COP": [
            "COP",
            "কলম্বিয়ান পেছো"
        ],
        "CRC": [
            "CRC",
            "কোষ্টা ৰিকান কোলন"
        ],
        "CUC": [
            "CUC",
            "কিউবান ৰূপান্তৰযোগ্য পেছো"
        ],
        "CUP": [
            "CUP",
            "কিউবান পেছো"
        ],
        "CVE": [
            "CVE",
            "কেপ ভাৰ্দে এছকুডো"
        ],
        "CZK": [
            "CZK",
            "চেক কোৰুনা"
        ],
        "DJF": [
            "DJF",
            "জিবুটি ফ্ৰেংক"
        ],
        "DKK": [
            "DKK",
            "ডেনিচ ক্ৰোন"
        ],
        "DOP": [
            "DOP",
            "ড’মিনিকান পেছো"
        ],
        "DZD": [
            "DZD",
            "আলজেৰীয় ডিনাৰ"
        ],
        "EGP": [
            "EGP",
            "ইজিপ্তৰ পাউণ্ড"
        ],
        "ERN": [
            "ERN",
            "এৰিট্ৰিয়ন নাক্‌ফা"
        ],
        "ETB": [
            "ETB",
            "ইথিঅ’পিয়ান বিৰ"
        ],
        "EUR": [
            "€",
            "ইউৰো"
        ],
        "FJD": [
            "FJD",
            "ফিজিয়ান ডলাৰ"
        ],
        "FKP": [
            "FKP",
            "ফকলেণ্ড দ্বীপপুঞ্জৰ পাউণ্ড"
        ],
        "GBP": [
            "£",
            "ব্ৰিটিছ পাউণ্ড"
        ],
        "GEL": [
            "GEL",
            "জৰ্জিয়ান লাৰি"
        ],
        "GHS": [
            "GHS",
            "ঘানাৰ চেডি"
        ],
        "GIP": [
            "GIP",
            "জিব্ৰাল্টৰ পাউণ্ড"
        ],
        "GMD": [
            "GMD",
            "গাম্বিয়া ডালাছি"
        ],
        "GNF": [
            "GNF",
            "গিনি ফ্ৰেংক"
        ],
        "GTQ": [
            "GTQ",
            "গুৱাটেমালা কুৱেৎজাল"
        ],
        "GYD": [
            "GYD",
            "গায়ানিজ ডলাৰ"
        ],
        "HKD": [
            "HK$",
            "হং কং ডলাৰ"
        ],
        "HNL": [
            "HNL",
            "হোন্দুৰান লেম্পিৰা"
        ],
        "HRK": [
            "HRK",
            "ক্ৰোৱেছিয়ান কুনা"
        ],
        "HTG": [
            "HTG",
            "হাইটিয়ান গৌৰ্ড"
        ],
        "HUF": [
            "HUF",
            "হাংগেৰীয়ান ফ’ৰিণ্ট"
        ],
        "IDR": [
            "IDR",
            "ইণ্ডোনেচিয়ান ৰুপিয়াহ"
        ],
        "ILS": [
            "₪",
            "ইজৰাইলী নিউ শ্বেকেল"
        ],
        "INR": [
            "₹",
            "ভাৰতীয় ৰুপী"
        ],
        "IQD": [
            "IQD",
            "ইৰাকী ডিনাৰ"
        ],
        "IRR": [
            "IRR",
            "ইৰানীয়ান ৰিয়েল"
        ],
        "ISK": [
            "ISK",
            "আইচলেণ্ডিক ক্ৰোনা"
        ],
        "JMD": [
            "JMD",
            "জামাইকান ডলাৰ"
        ],
        "JOD": [
            "JOD",
            "জৰ্ডানিয়ান ডিনাৰ"
        ],
        "JPY": [
            "JP¥",
            "জাপানী য়েন"
        ],
        "KES": [
            "KES",
            "কেনিয়ান শ্বিলিং"
        ],
        "KGS": [
            "KGS",
            "কিৰ্গিস্তানী ছোম"
        ],
        "KHR": [
            "KHR",
            "কেম্ব’ডিয়ান ৰিয়েল"
        ],
        "KMF": [
            "KMF",
            "ক’মোৰিয়ান ফ্ৰেংক"
        ],
        "KPW": [
            "KPW",
            "উত্তৰ কোৰিয়াৰ ওৱান"
        ],
        "KRW": [
            "₩",
            "দক্ষিণ কোৰিয়াৰ ওৱান"
        ],
        "KWD": [
            "KWD",
            "কুৱেইটি ডিনাৰ"
        ],
        "KYD": [
            "KYD",
            "কেইমেন দ্বীপপুঞ্জৰ ডলাৰ"
        ],
        "KZT": [
            "KZT",
            "কাজাখস্তানী তেঞ্জ"
        ],
        "LAK": [
            "LAK",
            "লাওচিয়ান কিপ"
        ],
        "LBP": [
            "LBP",
            "লেবানীজ পাউণ্ড"
        ],
        "LKR": [
            "LKR",
            "শ্ৰীলংকান ৰুপী"
        ],
        "LRD": [
            "LRD",
            "লাইবেৰিয়ান ডলাৰ"
        ],
        "LYD": [
            "LYD",
            "লিবিয়ান ডিনাৰ"
        ],
        "MAD": [
            "MAD",
            "মৰোক্কান ডিৰহাম"
        ],
        "MDL": [
            "MDL",
            "মোলডোভান লেউ"
        ],
        "MGA": [
            "MGA",
            "মালাগাছী এৰিয়াৰী"
        ],
        "MKD": [
            "MKD",
            "মেচিডোনীয় ডেনাৰ"
        ],
        "MMK": [
            "MMK",
            "ম্যানমাৰ কিয়াট"
        ],
        "MNT": [
            "MNT",
            "মঙ্গোলিয়ান টুৰ্গিক"
        ],
        "MOP": [
            "MOP",
            "মেকানীজ পাটাকা"
        ],
        "MRO": [
            "MRO",
            "ম’ৰিটেনিয়ান ঔগুইয়া (1973–2017)"
        ],
        "MRU": [
            "MRU",
            "ম’ৰিটেনিয়ান ঔগুইয়া"
        ],
        "MUR": [
            "MUR",
            "মৰিচিয়ান ৰুপী"
        ],
        "MVR": [
            "MVR",
            "মালডিভিয়ান ৰুফিয়া"
        ],
        "MWK": [
            "MWK",
            "মালাউইয়ান কোৱাচা"
        ],
        "MXN": [
            "MX$",
            "মেক্সিকান পেছো"
        ],
        "MYR": [
            "MYR",
            "মালায়েচিয়ান ৰিংগিট"
        ],
        "MZN": [
            "MZN",
            "মোজাম্বিকান মেটিকল"
        ],
        "NAD": [
            "NAD",
            "নামিবিয়ান ডলাৰ"
        ],
        "NGN": [
            "NGN",
            "নাইজেৰিয়ান নাইৰা"
        ],
        "NIO": [
            "NIO",
            "নিকাৰাগুৱান কোৰ্ডোবা"
        ],
        "NOK": [
            "NOK",
            "নৰৱেজিয়ান ক্ৰোন"
        ],
        "NPR": [
            "NPR",
            "নেপালী ৰুপী"
        ],
        "NZD": [
            "NZ$",
            "নিউজিলেণ্ড ডলাৰ"
        ],
        "OMR": [
            "OMR",
            "ওমানি ৰিয়েল"
        ],
        "PAB": [
            "PAB",
            "পানামেনিয়ান বাল্বোৱা"
        ],
        "PEN": [
            "PEN",
            "পেৰুভিয়ান ছ’ল"
        ],
        "PGK": [
            "PGK",
            "পাপুৱা নিউ গিনি কিনা"
        ],
        "PHP": [
            "PHP",
            "ফিলিপিন পেইছ’"
        ],
        "PKR": [
            "PKR",
            "পাকিস্তানী ৰুপী"
        ],
        "PLN": [
            "PLN",
            "প’লিচ জোল্টী"
        ],
        "PYG": [
            "PYG",
            "পাৰাগুয়ান গুৱাৰানি"
        ],
        "QAR": [
            "QAR",
            "কাটাৰি ৰিয়েল"
        ],
        "RON": [
            "RON",
            "ৰোমানীয় লেউ"
        ],
        "RSD": [
            "RSD",
            "চাৰ্বিয়ান ডিনাৰ"
        ],
        "RUB": [
            "RUB",
            "ৰাছিয়ান ৰুব্‌ল"
        ],
        "RWF": [
            "RWF",
            "ৰোৱান্দান ফ্ৰেংক"
        ],
        "SAR": [
            "SAR",
            "চৌডি ৰিয়েল"
        ],
        "SBD": [
            "SBD",
            "চোলোমোন দ্বীপপুঞ্জৰ ডলাৰ"
        ],
        "SCR": [
            "SCR",
            "ছেচেলৱা ৰুপী"
        ],
        "SDG": [
            "SDG",
            "চুডানী পাউণ্ড"
        ],
        "SEK": [
            "SEK",
            "চুইডিছ ক্ৰোনা"
        ],
        "SGD": [
            "SGD",
            "ছিংগাপুৰ ডলাৰ"
        ],
        "SHP": [
            "SHP",
            "ছেইণ্ট হেলেনা পাউণ্ড"
        ],
        "SLL": [
            "SLL",
            "চিয়েৰা লিঅ’নৰ লিঅ’ন"
        ],
        "SOS": [
            "SOS",
            "চোমালি শ্বিলিং"
        ],
        "SRD": [
            "SRD",
            "ছুৰিনামী ডলাৰ"
        ],
        "SSP": [
            "SSP",
            "দক্ষিণ চুডানীজ পাউণ্ড"
        ],
        "STD": [
            "STD",
            "চাও টোমে আৰু প্ৰিনচিপে ডোব্‌ৰা (1977–2017)"
        ],
        "STN": [
            "STN",
            "চাও টোমে আৰু প্ৰিনচিপে ডোব্‌ৰা"
        ],
        "SYP": [
            "SYP",
            "চিৰিয়ান পাউণ্ড"
        ],
        "SZL": [
            "SZL",
            "স্বাজি লিলেংগেনি"
        ],
        "THB": [
            "THB",
            "থাই বাত"
        ],
        "TJS": [
            "TJS",
            "তাজিকিস্তানী ছোমনি"
        ],
        "TMT": [
            "TMT",
            "তুৰ্কমেনিস্তানী মানাত"
        ],
        "TND": [
            "TND",
            "টুনিচিয়ান ডিনাৰ"
        ],
        "TOP": [
            "TOP",
            "টংগান পাআংগা"
        ],
        "TRY": [
            "TRY",
            "তুৰ্কীৰ লিৰা"
        ],
        "TTD": [
            "TTD",
            "ট্ৰিনিডাড আৰু টোবাগো ডলাৰ"
        ],
        "TWD": [
            "NT$",
            "নিউ টাইৱান ডলাৰ"
        ],
        "TZS": [
            "TZS",
            "টানজানিয়ান শ্বিলিং"
        ],
        "UAH": [
            "UAH",
            "ইউক্ৰেইনীয় হৃভনিয়া"
        ],
        "UGX": [
            "UGX",
            "উগাণ্ডান শ্বিলিং"
        ],
        "USD": [
            "US$",
            "ইউ. এছ. ডলাৰ"
        ],
        "UYU": [
            "UYU",
            "উৰুগুৱেয়ান পেছো"
        ],
        "UZS": [
            "UZS",
            "উজবেকিস্তানী ছোম"
        ],
        "VEB": [
            "VEB",
            "ভেনিজুৱেলান বলিভাৰ (1871–2008)"
        ],
        "VEF": [
            "VEF",
            "ভেনিজুৱেলান বলিভাৰ (2008–2018)"
        ],
        "VES": [
            "VES",
            "ভেনিজুৱেলান বলিভাৰ"
        ],
        "VND": [
            "₫",
            "ভিয়েটনামীজ ডং"
        ],
        "VUV": [
            "VUV",
            "ভানাটুৰ ভাটু"
        ],
        "WST": [
            "WST",
            "ছামোৱান টালা"
        ],
        "XAF": [
            "FCFA",
            "মধ্য আফ্ৰিকান CFA ফ্ৰেংক"
        ],
        "XCD": [
            "EC$",
            "ইষ্ট কেৰিবিয়ান ডলাৰ"
        ],
        "XOF": [
            "CFA",
            "পশ্চিম আফ্ৰিকান CFA ফ্ৰেংক"
        ],
        "XPF": [
            "CFPF",
            "CFP ফ্ৰেংক"
        ],
        "YER": [
            "YER",
            "য়েমেনী ৰিয়েল"
        ],
        "ZAR": [
            "ZAR",
            "দক্ষিণ আফ্ৰিকাৰ ৰাণ্ড"
        ],
        "ZMW": [
            "ZMW",
            "জাম্বিয়ান কোৱাচা"
        ]
    }
}
