{
    "Version": "36.1",
    "Names": {
        "AED": [
            "AED",
            "United Arab Emirates Dirham"
        ],
        "AFN": [
            "AFN",
            "Afghan Afghani"
        ],
        "ALL": [
            "ALL",
            "Albanian Lek"
        ],
        "AMD": [
            "AMD",
            "Armenian Dram"
        ],
        "AOA": [
            "AOA",
            "Angolan Kwanza"
        ],
        "ARS": [
            "ARS",
            "Argentine Peso"
        ],
        "AUD": [
            "$",
            "Australian Dollar"
        ],
        "AZN": [
            "AZN",
            "Azerbaijani Manat"
        ],
        "BAM": [
            "BAM",
            "Bosnia-Herzegovina Convertible Marka"
        ],
        "BBD": [
            "BBD",
            "Barbados Dollar"
        ],
        "BDT": [
            "BDT",
            "Bangladeshi Taka"
        ],
        "BGN": [
            "BGN",
            "Bulgarian Lev"
        ],
        "BHD": [
            "BHD",
            "Bahraini Dinar"
        ],
        "BIF": [
            "BIF",
            "Burundian Franc"
        ],
        "BMD": [
            "BMD",
            "Bermuda Dollar"
        ],
        "BND": [
            "BND",
            "Brunei Dollar"
        ],
        "BOB": [
            "BOB",
            "Boliviano"
        ],
        "BRL": [
            "BRL",
            "Brazilian Real"
        ],
        "BTN": [
            "BTN",
            "Bhutanese Ngultrum"
        ],
        "BWP": [
            "BWP",
            "Botswanan Pula"
        ],
        "CAD": [
            "CAD",
            "Canadian Dollar"
        ],
        "CDF": [
            "CDF",
            "Congolese Franc"
        ],
        "CHF": [
            "CHF",
            "Swiss Franc"
        ],
        "CLP": [
            "CLP",
            "Chilean Peso"
        ],
        "CNH": [
            "CNH",
            "CNH"
        ],
        "CNY": [
            "CNY",
            "Chinese Yuan"
        ],
        "COP": [
            "COP",
            "Colombian Peso"
        ],
        "CVE": [
            "CVE",
            "Cape Verdean Escudo"
        ],
        "CZK": [
            "CZK",
            "Czech Koruna"
        ],
        "DJF": [
            "DJF",
            "Djiboutian Franc"
        ],
        "DZD": [
            "DZD",
            "Algerian Dinar"
        ],
        "EGP": [
            "EGP",
            "Egyptian Pound"
        ],
        "ERN": [
            "ERN",
            "Eritrean Nakfa"
        ],
        "ETB": [
            "ETB",
            "Ethiopian Birr"
        ],
        "EUR": [
            "EUR",
            "Euro"
        ],
        "FJD": [
            "FJD",
            "Fijian Dollar"
        ],
        "FKP": [
            "FKP",
            "Falkland Islands Pound"
        ],
        "GBP": [
            "GBP",
            "British Pound"
        ],
        "GEL": [
            "GEL",
            "Georgian Lari"
        ],
        "GHS": [
            "GHS",
            "Ghanaian Cedi"
        ],
        "GIP": [
            "GIP",
            "Gibraltar Pound"
        ],
        "GMD": [
            "GMD",
            "Gambian Dalasi"
        ],
        "GNF": [
            "GNF",
            "Guinean Franc"
        ],
        "GYD": [
            "GYD",
            "Guyanaese Dollar"
        ],
        "HKD": [
            "HKD",
            "Hong Kong Dollar"
        ],
        "HRK": [
            "HRK",
            "Croatian Kuna"
        ],
        "HUF": [
            "HUF",
            "Hungarian Forint"
        ],
        "IDR": [
            "IDR",
            "Indonesian Rupiah"
        ],
        "ILS": [
            "ILS",
            "Israeli Shekel"
        ],
        "INR": [
            "INR",
            "Indian Rupee"
        ],
        "IQD": [
            "IQD",
            "Iraqi Dinar"
        ],
        "IRR": [
            "IRR",
            "Iranian Rial"
        ],
        "ISK": [
            "ISK",
            "Icelandic Króna"
        ],
        "JOD": [
            "JOD",
            "Jordanian Dinar"
        ],
        "JPY": [
            "JPY",
            "Japanese Yen"
        ],
        "KES": [
            "KES",
            "Kenyan Shilling"
        ],
        "KGS": [
            "KGS",
            "Kyrgystani Som"
        ],
        "KHR": [
            "KHR",
            "Cambodian Riel"
        ],
        "KMF": [
            "KMF",
            "Comorian Franc"
        ],
        "KPW": [
            "KPW",
            "North Korean Won"
        ],
        "KRW": [
            "KRW",
            "South Korean Won"
        ],
        "KWD": [
            "KWD",
            "Kuwaiti Dinar"
        ],
        "KZT": [
            "KZT",
            "Kazakhstani Tenge"
        ],
        "LAK": [
            "LAK",
            "Laotian Kip"
        ],
        "LBP": [
            "LBP",
            "Lebanese Pound"
        ],
        "LKR": [
            "LKR",
            "Sri Lankan Rupee"
        ],
        "LRD": [
            "LRD",
            "Liberian Dollar"
        ],
        "LSL": [
            "LSL",
            "Lesotho Loti"
        ],
        "LYD": [
            "LYD",
            "Libyan Dinar"
        ],
        "MAD": [
            "MAD",
            "Moroccan Dirham"
        ],
        "MDL": [
            "MDL",
            "Moldovan Leu"
        ],
        "MGA": [
            "MGA",
            "Malagasy Ariary"
        ],
        "MKD": [
            "MKD",
            "Macedonian Denar"
        ],
        "MMK": [
            "MMK",
            "Myanmar Kyat"
        ],
        "MNT": [
            "MNT",
            "Mongolian Tugrik"
        ],
        "MOP": [
            "MOP",
            "Macanese Pataca"
        ],
        "MRO": [
            "MRO",
            "Mauritanian Ouguiya (1973–2017)"
        ],
        "MUR": [
            "MUR",
            "Mauritian Rupee"
        ],
        "MVR": [
            "MVR",
            "Maldivian Rufiyaa"
        ],
        "MWK": [
            "MWK",
            "Malawian Kwacha"
        ],
        "MXN": [
            "MXN",
            "Mexican Peso"
        ],
        "MYR": [
            "MYR",
            "Malaysian Ringgit"
        ],
        "MZN": [
            "MZN",
            "Mozambican Metical"
        ],
        "NAD": [
            "NAD",
            "Namibian Dollar"
        ],
        "NGN": [
            "NGN",
            "Nigerian Naira"
        ],
        "NOK": [
            "NOK",
            "Norwegian Krone"
        ],
        "NPR": [
            "NPR",
            "Nepalese Rupee"
        ],
        "NZD": [
            "NZD",
            "New Zealand Dollar"
        ],
        "OMR": [
            "OMR",
            "Omani Rial"
        ],
        "PEN": [
            "PEN",
            "Peruvian Sol"
        ],
        "PGK": [
            "PGK",
            "Papua New Guinean Kina"
        ],
        "PHP": [
            "PHP",
            "Philippine Piso"
        ],
        "PLN": [
            "PLN",
            "Polish Zloty"
        ],
        "PYG": [
            "PYG",
            "Paraguayan Guarani"
        ],
        "QAR": [
            "QAR",
            "Qatari Riyal"
        ],
        "RON": [
            "RON",
            "Romanian Leu"
        ],
        "RSD": [
            "RSD",
            "Serbian Dinar"
        ],
        "RUB": [
            "RUB",
            "Russian Rouble"
        ],
        "RWF": [
            "RWF",
            "Rwandan Franc"
        ],
        "SAR": [
            "SAR",
            "Saudi Riyal"
        ],
        "SBD": [
            "SBD",
            "Solomon Islands Dollar"
        ],
        "SCR": [
            "Rs",
            "Seychellois Rupee"
        ],
        "SDG": [
            "SDG",
            "Sudanese Pound"
        ],
        "SEK": [
            "SEK",
            "Swedish Krona"
        ],
        "SGD": [
            "SGD",
            "Singapore Dollar"
        ],
        "SHP": [
            "SHP",
            "St Helena Pound"
        ],
        "SLL": [
            "SLL",
            "Sierra Leonean Leone"
        ],
        "SOS": [
            "SOS",
            "Somali Shilling"
        ],
        "SRD": [
            "SRD",
            "Suriname Dollar"
        ],
        "SSP": [
            "SSP",
            "South Sudanese Pound"
        ],
        "SYP": [
            "SYP",
            "Syrian Pound"
        ],
        "SZL": [
            "SZL",
            "Swazi Lilangeni"
        ],
        "TJS": [
            "TJS",
            "Tajikistani Somoni"
        ],
        "TMT": [
            "TMT",
            "Turkmenistani Manat"
        ],
        "TND": [
            "TND",
            "Tunisian Dinar"
        ],
        "TOP": [
            "TOP",
            "Tongan Paʻanga"
        ],
        "TRY": [
            "TRY",
            "Turkish Lira"
        ],
        "TWD": [
            "TWD",
            "New Taiwan Dollar"
        ],
        "TZS": [
            "TZS",
            "Tanzanian Shilling"
        ],
        "UAH": [
            "UAH",
            "Ukrainian Hryvnia"
        ],
        "UGX": [
            "UGX",
            "Ugandan Shilling"
        ],
        "USD": [
            "USD",
            "US Dollar"
        ],
        "UYU": [
            "UYU",
            "Peso Uruguayo"
        ],
        "UZS": [
            "UZS",
            "Uzbekistani Som"
        ],
        "VEF": [
            "VEF",
            "Venezuelan Bolívar (2008–2018)"
        ],
        "VES": [
            "VES",
            "VES"
        ],
        "VND": [
            "VND",
            "Vietnamese Dong"
        ],
        "VUV": [
            "VUV",
            "Vanuatu Vatu"
        ],
        "WST": [
            "WST",
            "Samoan Tala"
        ],
        "XAF": [
            "XAF",
            "Central African CFA Franc"
        ],
        "XCD": [
            "XCD",
            "East Caribbean Dollar"
        ],
        "XOF": [
            "XOF",
            "West African CFA Franc"
        ],
        "XPF": [
            "CFP",
            "CFP Franc"
        ],
        "YER": [
            "YER",
            "Yemeni Rial"
        ],
        "ZAR": [
            "ZAR",
            "South African Rand"
        ],
        "ZMW": [
            "ZMW",
            "Zambian Kwacha"
        ]
    }
}
