{
    "Version": "36.1",
    "Names": {
        "CAD": [
            "CAD",
            "dólar canadiense"
        ],
        "EUR": [
            "EUR",
            "euro"
        ],
        "MWK": [
            "MWK",
            "kwacha malauí"
        ],
        "THB": [
            "THB",
            "baht tailandes"
        ],
        "USD": [
            "USD",
            "dólar estadounidense"
        ],
        "UZS": [
            "UZS",
            "som uzbeko"
        ],
        "VND": [
            "VND",
            "dong"
        ]
    }
}
