{
    "Version": "36.1",
    "Names": {
        "BDT": [
            "BDT",
            "taka bangladesí"
        ],
        "BTN": [
            "BTN",
            "ngultrum butanés"
        ],
        "JPY": [
            "¥",
            "yen"
        ],
        "KGS": [
            "KGS",
            "som kirguís"
        ],
        "LAK": [
            "LAK",
            "kip laosiano"
        ],
        "STN": [
            "STN",
            "dobra santotomense"
        ],
        "THB": [
            "THB",
            "bat"
        ],
        "USD": [
            "$",
            "dólar estadounidense"
        ],
        "UZS": [
            "UZS",
            "sum"
        ],
        "VND": [
            "VND",
            "dong vietnamita"
        ],
        "XAF": [
            "XAF",
            "franco CFA de África central"
        ],
        "ZMW": [
            "ZMW",
            "kwacha zambiano"
        ]
    }
}
