{
    "Version": "36",
    "Names": {
        "BRL": [
            "R$",
            "የብራዚል ሪል"
        ],
        "CNY": [
            "CN¥",
            "የቻይና ዩአን ረንሚንቢ"
        ],
        "ETB": [
            "Br",
            "የኢትዮጵያ ብር"
        ],
        "EUR": [
            "€",
            "አውሮ"
        ],
        "GBP": [
            "£",
            "የእንግሊዝ ፓውንድ ስተርሊንግ"
        ],
        "INR": [
            "₹",
            "የሕንድ ሩፒ"
        ],
        "JPY": [
            "JP¥",
            "የጃፓን የን"
        ],
        "RUB": [
            "RUB",
            "የራሻ ሩብል"
        ],
        "USD": [
            "US$",
            "የአሜሪካን ዶላር"
        ]
    }
}
