<?xml version="1.0" encoding="utf-8" ?>
<container xmlns="http://symfony.com/schema/dic/services"
           xmlns:xsi="http://www.w3.org/2001/XMLSchema-instance"
           xsi:schemaLocation="http://symfony.com/schema/dic/services http://symfony.com/schema/dic/services/services-1.0.xsd">

    <services>
        <service id="oneup_flysystem.stream_wrapper.manager" class="Oneup\FlysystemBundle\StreamWrapper\StreamWrapperManager" public="true">
            <argument /><!-- configurations -->
        </service>
        <service id="oneup_flysystem.stream_wrapper.configuration.def" class="Oneup\FlysystemBundle\StreamWrapper\Configuration" abstract="true">
            <argument /><!-- Protocol -->
            <argument /><!-- Filesystem -->
            <argument /><!-- configuration -->
        </service>
    </services>

</container>
